{"test_loss_std":0,"best_test_loss":273.6813003540039,"fold0_val_loss":284.03404846191404,"test_acc":NaN,"test_loss":273.6813003540039,"fold0_val_acc":NaN,"best_test_acc":NaN,"fold0_train_loss":298.15985107421875,"_step":100,"val_acc":NaN,"best_val_acc":NaN,"_runtime":49,"best_epoch":82,"best_val_loss":266.2022369384766,"fold0_train_acc":NaN,"_wandb":{"runtime":49},"val_loss":266.2022369384766,"fold0_tmp_test_acc":NaN,"test_acc_std":NaN,"_timestamp":1.770566150870517e+09,"fold0_tmp_test_loss":281.806884765625}