{"_wandb":{"runtime":8017},"_step":58,"fold0_tmp_test_loss":1132.8384646953316,"fold0_val_acc":NaN,"fold0_train_acc":NaN,"_timestamp":1.77065099928341e+09,"fold0_tmp_test_acc":NaN,"_runtime":8017.436692341,"fold0_val_loss":1132.717514822273,"fold0_train_loss":492.8035277214233}